time,open,high,low,close,vwap,volume,count
2025-07-20 01:30:00,0.03061,0.03062,0.03057,32.67973856209151,0.03059,0.83947419,18
2025-07-20 01:45:00,0.0306,0.03064,0.03058,32.69042170644001,0.03062,8.33479666,15
2025-07-20 02:00:00,0.03058,0.03061,0.03058,32.66906239790918,0.03059,5.23146164,9
2025-07-20 02:15:00,0.03061,0.03064,0.03061,32.6477309826967,0.03062,14.87003356,15
2025-07-20 02:30:00,0.03062,0.03070,0.03062,32.58390355164549,0.03067,1.79920947,10
2025-07-20 02:45:00,0.03071,0.03071,0.03065,32.615786040443574,0.03066,0.98634184,9
2025-07-20 03:00:00,0.03067,0.03067,0.03064,32.615786040443574,0.03066,39.06434070,21
2025-07-20 03:15:00,0.03062,0.03089,0.03061,32.40440699935191,0.03074,117.59460523,144
2025-07-20 03:30:00,0.03087,0.03124,0.03087,32.13367609254499,0.03107,44.89417496,234
2025-07-20 03:45:00,0.03111,0.03112,0.03103,32.22687721559781,0.03108,22.40512651,55
2025-07-20 04:00:00,0.03101,0.03104,0.03082,32.372936225315634,0.03094,4.89136466,71
2025-07-20 04:15:00,0.03087,0.03097,0.03087,32.289312237649334,0.03093,0.17531283,10
2025-07-20 04:30:00,0.03098,0.03104,0.03098,32.278889606197545,0.03100,20.51787434,36
2025-07-20 04:45:00,0.03094,0.03101,0.03094,32.278889606197545,0.03099,7.23414154,17
2025-07-20 05:00:00,0.03100,0.03101,0.03095,32.31017770597739,0.03096,0.72012675,9
2025-07-20 05:15:00,0.03096,0.03096,0.03091,32.341526520051744,0.03093,4.07879426,15
2025-07-20 05:30:00,0.03091,0.03091,0.03088,32.372936225315634,0.03089,2.92664987,17
2025-07-20 05:45:00,0.03090,0.03096,0.03090,32.31017770597739,0.03092,14.26811760,26
2025-07-20 06:00:00,0.03092,0.03093,0.03091,32.341526520051744,0.03092,1.45357763,10
2025-07-20 06:15:00,0.03093,0.03101,0.03092,32.24766204450177,0.03096,14.59382686,28
2025-07-20 06:30:00,0.03102,0.03104,0.03100,32.22687721559781,0.03101,87.85269142,42
2025-07-20 06:45:00,0.03104,0.03106,0.03100,32.23726627981947,0.03102,50.95921139,31
2025-07-20 07:00:00,0.03103,0.03107,0.03103,32.1853878339234,0.03105,11.92285938,23
2025-07-20 07:15:00,0.03106,0.03111,0.03106,32.14400514304082,0.03108,8.38732487,22
2025-07-20 07:30:00,0.03111,0.03121,0.03107,32.09242618741977,0.03110,18.21387483,57
2025-07-20 07:45:00,0.03119,0.03122,0.03111,32.14400514304082,0.03120,37.72371193,30
2025-07-20 08:00:00,0.03111,0.03115,0.03111,32.123353678124,0.03111,3.43161127,13
2025-07-20 08:15:00,0.03114,0.03121,0.03114,32.08213025344883,0.03120,128.23139490,108
2025-07-20 08:30:00,0.03118,0.03137,0.03117,31.897926634768737,0.03133,122.12159594,104
2025-07-20 08:45:00,0.03133,0.03142,0.03131,31.83699458771092,0.03136,49.92660659,81
2025-07-20 09:00:00,0.03141,0.03149,0.03136,31.83699458771092,0.03142,121.75209510,140
2025-07-20 09:15:00,0.03141,0.03144,0.03135,31.897926634768737,0.03137,21.07800813,50
2025-07-20 09:30:00,0.03136,0.03150,0.03136,31.81673560292714,0.03144,185.04861430,88
2025-07-20 09:45:00,0.03143,0.03167,0.03143,31.776294884016526,0.03152,4861.24295238,1703
2025-07-20 10:00:00,0.03147,0.03149,0.03145,31.786395422759057,0.03147,39.42008568,37
2025-07-20 10:15:00,0.03145,0.03145,0.03137,31.83699458771092,0.03143,212.27646020,147
2025-07-20 10:30:00,0.03139,0.03141,0.03138,31.86743148502231,0.03139,9.85450474,27
2025-07-20 10:45:00,0.03138,0.03141,0.03138,31.847133757961785,0.03140,7.90004729,19
2025-07-20 11:00:00,0.03141,0.03141,0.03139,31.857279388340235,0.03139,5.74605432,13
2025-07-20 11:15:00,0.03139,0.03162,0.03139,31.675641431738992,0.03154,53.08470446,98
2025-07-20 11:30:00,0.03159,0.03168,0.03158,31.605562579013906,0.03163,40.86923734,70
2025-07-20 11:45:00,0.03164,0.03190,0.03163,31.387319522912744,0.03184,225.84715673,251
2025-07-20 12:00:00,0.03186,0.03189,0.03179,31.456432840515888,0.03185,50.16218698,75
2025-07-20 12:15:00,0.03180,0.03180,0.03161,31.61555485298767,0.03167,20.11461270,70
2025-07-20 12:30:00,0.03164,0.03174,0.03164,31.51591553734636,0.03171,102.95050291,54
2025-07-20 12:45:00,0.03172,0.03178,0.03165,31.46633102580239,0.03172,39.44822806,44
2025-07-20 13:00:00,0.03174,0.03176,0.03169,31.48614609571789,0.03171,13.21647178,28
2025-07-20 13:15:00,0.03176,0.03179,0.03169,31.555695803092455,0.03175,17.23935718,45
2025-07-20 13:30:00,0.03169,0.03172,0.03167,31.57562361856647,0.03170,26.39167955,33
2025-07-20 13:45:00,0.03166,0.03172,0.03165,31.555695803092455,0.03169,72.76740771,41
2025-07-20 14:00:00,0.03169,0.03169,0.03151,31.70577045022194,0.03155,182.73458682,110
2025-07-20 14:15:00,0.03156,0.03163,0.03155,31.625553447185325,0.03156,84.42137966,50
2025-07-20 14:30:00,0.03159,0.03166,0.03159,31.645569620253163,0.03160,46.72274052,56
2025-07-20 14:45:00,0.03158,0.03179,0.03158,31.456432840515888,0.03166,2.89828794,27
2025-07-20 15:00:00,0.03179,0.03179,0.03171,31.5059861373661,0.03174,20.91509297,32
2025-07-20 15:15:00,0.03174,0.03174,0.03162,31.595576619273306,0.03167,44.83464827,60
2025-07-20 15:30:00,0.03165,0.03182,0.03165,31.446540880503143,0.03177,9.83077819,42
2025-07-20 15:45:00,0.03180,0.03191,0.03180,31.347962382445143,0.03189,31.36443647,69
2025-07-20 16:00:00,0.03191,0.03192,0.03180,31.41690229343387,0.03187,39.55995787,71
2025-07-20 16:15:00,0.03183,0.03192,0.03179,31.328320802005017,0.03180,11.19670833,39
2025-07-20 16:30:00,0.03193,0.03212,0.03191,31.162355874104083,0.03199,73.87960393,190
2025-07-20 16:45:00,0.03209,0.03220,0.03208,31.1332503113325,0.03214,64.55841478,149
2025-07-20 17:00:00,0.03212,0.03212,0.03190,31.347962382445143,0.03194,79.99938566,138
2025-07-20 17:15:00,0.03191,0.03198,0.03186,31.338138514572233,0.03193,23.70421343,59
2025-07-20 17:30:00,0.03188,0.03192,0.03175,31.46633102580239,0.03180,9.12714532,48
2025-07-20 17:45:00,0.03174,0.03180,0.03165,31.545741324921135,0.03172,56.90464607,82
2025-07-20 18:00:00,0.03169,0.03177,0.03167,31.565656565656568,0.03171,18.68484847,28
2025-07-20 18:15:00,0.03168,0.03176,0.03163,31.496062992125985,0.03165,388.37542058,278
2025-07-20 18:30:00,0.03176,0.03176,0.03168,31.565656565656568,0.03173,20.69763740,37
2025-07-20 18:45:00,0.03169,0.03174,0.03167,31.525851197982348,0.03170,37.31112995,56
2025-07-20 19:00:00,0.03169,0.03173,0.03164,31.51591553734636,0.03165,22.28221844,27
2025-07-20 19:15:00,0.03174,0.03176,0.03170,31.5059861373661,0.03173,20.58223745,56
2025-07-20 19:30:00,0.03174,0.03184,0.03173,31.436655139893116,0.03179,20.25998960,39
2025-07-20 19:45:00,0.03181,0.03184,0.03176,31.48614609571789,0.03182,21.00433251,40
2025-07-20 20:00:00,0.03174,0.03176,0.03155,31.595576619273306,0.03163,45.17553107,103
2025-07-20 20:15:00,0.03166,0.03167,0.03163,31.57562361856647,0.03164,1.35306545,16
2025-07-20 20:30:00,0.03167,0.03171,0.03167,31.535793125197095,0.03169,4.00302135,22
2025-07-20 20:45:00,0.03171,0.03176,0.03170,31.545741324921135,0.03172,15.45074172,24
2025-07-20 21:00:00,0.03167,0.03167,0.03163,31.61555485298767,0.03163,4.96402474,19
2025-07-20 21:15:00,0.03164,0.03186,0.03163,31.407035175879397,0.03171,93.66922297,102
2025-07-20 21:30:00,0.03183,0.03189,0.03183,31.36762860727729,0.03187,24.30348448,24
2025-07-20 21:45:00,0.03189,0.03195,0.03188,31.29890453834116,0.03192,41.52932953,44
2025-07-20 22:00:00,0.03194,0.03194,0.03175,31.426775612822123,0.03183,126.88704294,88
2025-07-20 22:15:00,0.03183,0.03189,0.03162,31.47623544224111,0.03167,61.55745673,136
2025-07-20 22:30:00,0.03173,0.03190,0.03173,31.377470975839344,0.03182,15.07177622,48
2025-07-20 22:45:00,0.03189,0.03193,0.03189,31.347962382445143,0.03192,0.68891758,12
2025-07-20 23:00:00,0.03189,0.03189,0.03185,31.357792411414234,0.03187,37.40592051,36
2025-07-20 23:15:00,0.03191,0.03199,0.03191,31.29890453834116,0.03197,5.11173734,23
2025-07-20 23:30:00,0.03195,0.03207,0.03192,31.181789834736513,0.03197,11.77766396,47
2025-07-20 23:45:00,0.03208,0.03209,0.03205,31.172069825436413,0.03208,55.92907452,66
2025-07-21 00:00:00,0.03206,0.03206,0.03195,31.29890453834116,0.03203,55.29254702,56
2025-07-21 00:15:00,0.03193,0.03193,0.03184,31.347962382445143,0.03189,0.97471855,26
2025-07-21 00:30:00,0.03190,0.03190,0.03181,31.36762860727729,0.03182,252.66946229,290
2025-07-21 00:45:00,0.03188,0.03194,0.03188,31.318509238960225,0.03188,14.54205392,19
2025-07-21 01:00:00,0.03195,0.03197,0.03192,31.318509238960225,0.03194,6.84874198,28
2025-07-21 01:15:00,0.03193,0.03193,0.03184,31.407035175879397,0.03185,1.23660111,25
2025-07-21 01:30:00,0.03182,0.03182,0.03170,31.496062992125985,0.03175,7.22025103,39
2025-07-21 01:45:00,0.03173,0.03179,0.03172,31.47623544224111,0.03175,3.80589356,17
2025-07-21 02:00:00,0.03176,0.03179,0.03168,31.565656565656568,0.03171,40.53389902,33
2025-07-21 02:15:00,0.03168,0.03174,0.03166,31.5059861373661,0.03166,17.51461396,34
2025-07-21 02:30:00,0.03173,0.03176,0.03170,31.48614609571789,0.03174,3.31456251,22
2025-07-21 02:45:00,0.03175,0.03176,0.03168,31.565656565656568,0.03172,2.48540137,16
2025-07-21 03:00:00,0.03171,0.03176,0.03170,31.496062992125985,0.03171,1.87252305,8
2025-07-21 03:15:00,0.03175,0.03176,0.03174,31.48614609571789,0.03175,6.80612798,8
2025-07-21 03:30:00,0.03173,0.03173,0.03169,31.535793125197095,0.03169,3.17089783,14
2025-07-21 03:45:00,0.03171,0.03174,0.03171,31.525851197982348,0.03173,0.87522319,7
2025-07-21 04:00:00,0.03175,0.03179,0.03174,31.456432840515888,0.03178,18.06292670,20
2025-07-21 04:15:00,0.03179,0.03183,0.03176,31.436655139893116,0.03177,32.29669767,34
2025-07-21 04:30:00,0.03179,0.03182,0.03179,31.426775612822123,0.03181,1.89257092,16
2025-07-21 04:45:00,0.03185,0.03186,0.03179,31.446540880503143,0.03184,42.50234776,35
2025-07-21 05:00:00,0.03181,0.03181,0.03176,31.48614609571789,0.03179,1.57795498,19
2025-07-21 05:15:00,0.03174,0.03175,0.03173,31.5059861373661,0.03173,0.15645979,4
2025-07-21 05:30:00,0.03175,0.03189,0.03175,31.377470975839344,0.03187,10.27902810,20
2025-07-21 05:45:00,0.03186,0.03196,0.03186,31.328320802005017,0.03194,53.48023529,30
2025-07-21 06:00:00,0.03195,0.03198,0.03192,31.279324366593684,0.03193,3.13371509,14
2025-07-21 06:15:00,0.03197,0.03210,0.03196,31.230480949406623,0.03206,24.42878795,54
2025-07-21 06:30:00,0.03201,0.03201,0.03184,31.407035175879397,0.03186,55.64716732,41
2025-07-21 06:45:00,0.03183,0.03189,0.03181,31.436655139893116,0.03184,40.29086977,55
2025-07-21 07:00:00,0.03180,0.03185,0.03180,31.446540880503143,0.03180,145.76293618,110
2025-07-21 07:15:00,0.03181,0.03181,0.03177,31.456432840515888,0.03179,201.75712577,139
2025-07-21 07:30:00,0.03177,0.03177,0.03172,31.47623544224111,0.03174,19.44943528,36
2025-07-21 07:45:00,0.03176,0.03176,0.03172,31.5059861373661,0.03173,14.77071911,27
2025-07-21 08:00:00,0.03172,0.03178,0.03172,31.46633102580239,0.03177,3.71768135,12
2025-07-21 08:15:00,0.03179,0.03190,0.03178,31.387319522912744,0.03182,11.46522660,27
2025-07-21 08:30:00,0.03192,0.03192,0.03182,31.426775612822123,0.03188,18.22340922,35
2025-07-21 08:45:00,0.03183,0.03183,0.03170,31.51591553734636,0.03175,4.52643925,29
2025-07-21 09:00:00,0.03175,0.03179,0.03175,31.47623544224111,0.03177,2.56525202,8
2025-07-21 09:15:00,0.03179,0.03179,0.03175,31.47623544224111,0.03175,60.10564802,45
2025-07-21 09:30:00,0.03175,0.03178,0.03170,31.51591553734636,0.03171,49.13824419,27
2025-07-21 09:45:00,0.03172,0.03179,0.03172,31.456432840515888,0.03176,21.53886148,17
2025-07-21 10:00:00,0.03178,0.03181,0.03178,31.436655139893116,0.03179,1.28237123,7
2025-07-21 10:15:00,0.03182,0.03185,0.03181,31.426775612822123,0.03182,5.14912709,13
2025-07-21 10:30:00,0.03184,0.03203,0.03184,31.22073056509522,0.03189,11.33606562,40
2025-07-21 10:45:00,0.03204,0.03222,0.03204,31.094527363184078,0.03217,84.28502095,103
2025-07-21 11:00:00,0.03215,0.03215,0.03198,31.152647975077883,0.03210,51.44497978,65
2025-07-21 11:15:00,0.03209,0.03224,0.03208,31.04625892579944,0.03217,16.57849937,56
2025-07-21 11:30:00,0.03225,0.03235,0.03222,31.01736972704715,0.03229,71.08250902,85
2025-07-21 11:45:00,0.03227,0.03230,0.03225,31.007751937984494,0.03226,33.39063891,45
2025-07-21 12:00:00,0.03226,0.03234,0.03219,31.036623215394165,0.03225,14.59167964,40
2025-07-21 12:15:00,0.03217,0.03220,0.03212,31.055900621118013,0.03215,30.63426534,43
2025-07-21 12:30:00,0.03220,0.03233,0.03219,30.96934035305048,0.03231,86.22744555,50
2025-07-21 12:45:00,0.03232,0.03233,0.03225,31.007751937984494,0.03230,23.77734905,34
2025-07-21 13:00:00,0.03227,0.03227,0.03203,31.22073056509522,0.03209,99.68808932,78
2025-07-21 13:15:00,0.03203,0.03205,0.03201,31.230480949406623,0.03202,8.18227893,38
2025-07-21 13:30:00,0.03204,0.03214,0.03203,31.142946122703208,0.03210,10.48640360,36
2025-07-21 13:45:00,0.03210,0.03215,0.03206,31.10419906687403,0.03210,4.56367520,27
2025-07-21 14:00:00,0.03216,0.03222,0.03207,31.152647975077883,0.03211,10.61264470,28
2025-07-21 14:15:00,0.03211,0.03232,0.03211,30.998140111593308,0.03226,16.45272754,60
2025-07-21 14:30:00,0.03226,0.03234,0.03226,30.921459492888065,0.03230,29.59863322,66
2025-07-21 14:45:00,0.03232,0.03240,0.03231,30.93102381688834,0.03236,147.42591562,102
2025-07-21 15:00:00,0.03234,0.03237,0.03227,30.892801977139325,0.03231,20.85416523,41
2025-07-21 15:15:00,0.03237,0.03237,0.03228,30.959752321981423,0.03232,10.07282641,45
2025-07-21 15:30:00,0.03231,0.03256,0.03222,31.007751937984494,0.03242,579.78154142,153
2025-07-21 15:45:00,0.03227,0.03230,0.03221,31.04625892579944,0.03224,13.04588277,27
2025-07-21 16:00:00,0.03222,0.03225,0.03207,31.162355874104083,0.03216,37.53621071,106
2025-07-21 16:15:00,0.03210,0.03210,0.03191,31.210986267166042,0.03196,326.66293300,205
2025-07-21 16:30:00,0.03203,0.03214,0.03203,31.172069825436413,0.03206,44.17831056,59
2025-07-21 16:45:00,0.03205,0.03205,0.03193,31.201248049921993,0.03195,5.69876146,28
2025-07-21 17:00:00,0.03201,0.03207,0.03201,31.181789834736513,0.03206,7.31273026,12
2025-07-21 17:15:00,0.03205,0.03212,0.03205,31.162355874104083,0.03210,3.22373663,23
2025-07-21 17:30:00,0.03208,0.03212,0.03191,31.338138514572233,0.03208,22.59170885,53
2025-07-21 17:45:00,0.03191,0.03200,0.03189,31.25,0.03193,16.10082405,111
2025-07-21 18:00:00,0.03198,0.03211,0.03198,31.142946122703208,0.03207,2.50068259,31
2025-07-21 18:15:00,0.03210,0.03215,0.03210,31.1332503113325,0.03213,9.26465409,27
2025-07-21 18:30:00,0.03211,0.03211,0.03200,31.240237425804438,0.03207,46.08771882,56
2025-07-21 18:45:00,0.03201,0.03202,0.03189,31.338138514572233,0.03192,69.08500546,94
2025-07-21 19:00:00,0.03191,0.03210,0.03190,31.152647975077883,0.03201,19.49859975,41
2025-07-21 19:15:00,0.03207,0.03207,0.03191,31.328320802005017,0.03195,4.30233479,20
2025-07-21 19:30:00,0.03190,0.03197,0.03184,31.289111389236542,0.03191,149.90809656,117
2025-07-21 19:45:00,0.03197,0.03198,0.03193,31.269543464665414,0.03196,226.96872654,145
2025-07-21 20:00:00,0.03197,0.03205,0.03189,31.22073056509522,0.03198,6.45394367,51
2025-07-21 20:15:00,0.03204,0.03206,0.03200,31.191515907673114,0.03204,33.58503888,37
2025-07-21 20:30:00,0.03206,0.03210,0.03204,31.210986267166042,0.03205,8.58085002,12
2025-07-21 20:45:00,0.03203,0.03214,0.03203,31.123560535325243,0.03207,8.82214921,31
2025-07-21 21:00:00,0.03211,0.03212,0.03206,31.191515907673114,0.03207,6.60936404,22
2025-07-21 21:15:00,0.03205,0.03209,0.03204,31.181789834736513,0.03204,19.38628964,39
2025-07-21 21:30:00,0.03206,0.03206,0.03203,31.201248049921993,0.03204,59.61780460,89
2025-07-21 21:45:00,0.03203,0.03203,0.03195,31.259768677711786,0.03199,4.88992353,27
2025-07-21 22:00:00,0.03201,0.03205,0.03198,31.210986267166042,0.03201,24.04242018,22
2025-07-21 22:15:00,0.03205,0.03205,0.03204,31.210986267166042,0.03204,0.61160371,10
2025-07-21 22:30:00,0.03205,0.03211,0.03205,31.152647975077883,0.03205,0.19615610,11
2025-07-21 22:45:00,0.03211,0.03212,0.03206,31.191515907673114,0.03210,0.71575284,15
2025-07-21 23:00:00,0.03206,0.03206,0.03204,31.210986267166042,0.03204,0.10900442,8
2025-07-21 23:15:00,0.03205,0.03215,0.03202,31.123560535325243,0.03211,227.42535026,78
2025-07-21 23:30:00,0.03214,0.03214,0.03212,31.1332503113325,0.03212,4.80387877,14
2025-07-21 23:45:00,0.03211,0.03211,0.03204,31.201248049921993,0.03205,4.40040472,21
2025-07-22 00:00:00,0.03207,0.03207,0.03203,31.22073056509522,0.03204,11.83312738,13
2025-07-22 00:15:00,0.03203,0.03211,0.03202,31.142946122703208,0.03208,2.18982390,18
2025-07-22 00:30:00,0.03212,0.03212,0.03199,31.259768677711786,0.03199,40.78520825,38
2025-07-22 00:45:00,0.03201,0.03207,0.03199,31.259768677711786,0.03202,4.25460743,19
2025-07-22 01:00:00,0.03198,0.03198,0.03181,31.36762860727729,0.03185,178.99104200,94
2025-07-22 01:15:00,0.03185,0.03193,0.03178,31.338138514572233,0.03182,19.61853376,56
2025-07-22 01:30:00,0.03193,0.03205,0.03193,31.269543464665414,0.03195,7.11645252,30
2025-07-22 01:45:00,0.03201,0.03220,0.03201,31.065548306927614,0.03213,2.09594938,37
2025-07-22 02:00:00,0.03220,0.03222,0.03214,31.113876789047914,0.03219,15.80923198,29
2025-07-22 02:15:00,0.03212,0.03216,0.03212,31.10419906687403,0.03214,0.54870045,7
2025-07-22 02:30:00,0.03217,0.03219,0.03211,31.1332503113325,0.03216,19.25109299,25
2025-07-22 02:45:00,0.03210,0.03211,0.03193,31.29890453834116,0.03208,6.12463097,25
2025-07-22 03:00:00,0.03194,0.03195,0.03190,31.30870381966186,0.03193,5.36850275,27
2025-07-22 03:15:00,0.03192,0.03193,0.03183,31.377470975839344,0.03188,6.30181524,21
2025-07-22 03:30:00,0.03184,0.03186,0.03177,31.456432840515888,0.03179,1.32881266,15
2025-07-22 03:45:00,0.03178,0.03184,0.03178,31.426775612822123,0.03181,0.13825010,7
2025-07-22 04:00:00,0.03180,0.03183,0.03177,31.47623544224111,0.03180,0.47232421,14
2025-07-22 04:15:00,0.03176,0.03176,0.03167,31.555695803092455,0.03169,12.31154670,52
2025-07-22 04:30:00,0.03169,0.03169,0.03150,31.71582619727244,0.03157,77.61387670,149
2025-07-22 04:45:00,0.03156,0.03157,0.03136,31.887755102040817,0.03146,41.18716938,104
2025-07-22 05:00:00,0.03137,0.03151,0.03137,31.776294884016526,0.03141,13.49620124,50
2025-07-22 05:15:00,0.03147,0.03150,0.03144,31.806615776081422,0.03147,1.26298737,15
2025-07-22 05:30:00,0.03145,0.03147,0.03141,31.776294884016526,0.03143,6.46744416,25
2025-07-22 05:45:00,0.03144,0.03146,0.03142,31.806615776081422,0.03144,3.17923002,17
2025-07-22 06:00:00,0.03142,0.03149,0.03138,31.756113051762465,0.03145,77.92534691,68
2025-07-22 06:15:00,0.03150,0.03157,0.03150,31.735956839098694,0.03152,10.96105193,21
2025-07-22 06:30:00,0.03151,0.03152,0.03145,31.79650238473768,0.03149,14.86046292,26
2025-07-22 06:45:00,0.03144,0.03145,0.03129,31.95909236177693,0.03131,67.41646723,66
2025-07-22 07:00:00,0.03132,0.03134,0.03124,31.90810465858328,0.03124,131.07824633,193
2025-07-22 07:15:00,0.03129,0.03131,0.03128,31.948881789137378,0.03128,9.38257666,15
2025-07-22 07:30:00,0.03131,0.03136,0.03129,31.95909236177693,0.03131,12.54636285,37
2025-07-22 07:45:00,0.03128,0.03133,0.03114,32.09242618741977,0.03124,18.63939934,65
2025-07-22 08:00:00,0.03114,0.03114,0.03095,32.31017770597739,0.03104,90.85731904,107
2025-07-22 08:15:00,0.03096,0.03096,0.03080,32.414910858995135,0.03084,24.67979928,104
2025-07-22 08:30:00,0.03082,0.03086,0.03079,32.40440699935191,0.03082,20.49963205,50
2025-07-22 08:45:00,0.03086,0.03091,0.03084,32.414910858995135,0.03087,43.69475588,63
2025-07-22 09:00:00,0.03086,0.03086,0.03077,32.49918752031199,0.03079,46.66356406,35
2025-07-22 09:15:00,0.03078,0.03084,0.03071,32.425421530479895,0.03073,53.83472564,86
2025-07-22 09:30:00,0.03084,0.03090,0.03081,32.362459546925564,0.03084,13.43199129,25
2025-07-22 09:45:00,0.03090,0.03093,0.03090,32.33107015842224,0.03090,27.04238347,23
2025-07-22 10:00:00,0.03094,0.03100,0.03094,32.25806451612903,0.03097,49.05215460,36
2025-07-22 10:15:00,0.03100,0.03100,0.03096,32.29974160206718,0.03098,1.88430571,8
2025-07-22 10:30:00,0.03098,0.03105,0.03098,32.2061191626409,0.03103,4.23784668,16
2025-07-22 10:45:00,0.03105,0.03110,0.03104,32.1646831778707,0.03106,29.63614598,29
2025-07-22 11:00:00,0.03107,0.03111,0.03103,32.17503217503217,0.03107,29.93585094,46
2025-07-22 11:15:00,0.03109,0.03110,0.03104,32.21649484536082,0.03108,19.23359812,27
2025-07-22 11:30:00,0.03104,0.03106,0.03102,32.19575016097875,0.03103,36.04178011,51
2025-07-22 11:45:00,0.03106,0.03120,0.03106,32.14400514304082,0.03117,22.04308152,60
2025-07-22 12:00:00,0.03111,0.03111,0.03107,32.1646831778707,0.03109,24.42998073,29
2025-07-22 12:15:00,0.03108,0.03108,0.03099,32.2061191626409,0.03101,46.65043521,42
2025-07-22 12:30:00,0.03102,0.03105,0.03101,32.22687721559781,0.03102,2.86847886,17
2025-07-22 12:45:00,0.03105,0.03105,0.03100,32.22687721559781,0.03102,4.03714532,16
2025-07-22 13:00:00,0.03104,0.03106,0.03096,32.278889606197545,0.03097,59.76381531,73
2025-07-22 13:15:00,0.03100,0.03102,0.03099,32.24766204450177,0.03100,22.26850558,24
2025-07-22 13:30:00,0.03100,0.03100,0.03087,32.341526520051744,0.03093,19.57814655,52
2025-07-22 13:45:00,0.03091,0.03091,0.03075,32.38341968911917,0.03079,75.85289165,115
2025-07-22 14:00:00,0.03090,0.03098,0.03086,32.278889606197545,0.03092,1.18541400,24
2025-07-22 14:15:00,0.03098,0.03098,0.03091,32.341526520051744,0.03095,10.53988624,23
2025-07-22 14:30:00,0.03094,0.03098,0.03094,32.29974160206718,0.03096,3.23714649,22
2025-07-22 14:45:00,0.03094,0.03109,0.03094,32.1646831778707,0.03106,19.10817416,38
2025-07-22 15:00:00,0.03110,0.03111,0.03107,32.1646831778707,0.03108,27.95364169,31
2025-07-22 15:15:00,0.03110,0.03131,0.03110,31.97953309881676,0.03127,22.02175138,80
2025-07-22 15:30:00,0.03124,0.03125,0.03119,32.06155819172812,0.03122,2.74391076,36
2025-07-22 15:45:00,0.03119,0.03133,0.03119,31.97953309881676,0.03129,5.91650456,27
2025-07-22 16:00:00,0.03128,0.03135,0.03127,31.897926634768737,0.03130,0.50538851,15
2025-07-22 16:15:00,0.03135,0.03141,0.03133,31.918289179699972,0.03139,22.29301381,55
2025-07-22 16:30:00,0.03136,0.03140,0.03136,31.887755102040817,0.03139,4.01184115,11
2025-07-22 16:45:00,0.03140,0.03140,0.03132,31.92848020434227,0.03135,19.74401739,31
2025-07-22 17:00:00,0.03133,0.03133,0.03113,32.123353678124,0.03129,5.03047356,43
2025-07-22 17:15:00,0.03115,0.03116,0.03104,32.1646831778707,0.03107,150.46057316,72
2025-07-22 17:30:00,0.03108,0.03109,0.03102,32.1853878339234,0.03104,4.22381548,36
2025-07-22 17:45:00,0.03105,0.03109,0.03103,32.19575016097875,0.03105,3.67251565,32
2025-07-22 18:00:00,0.03107,0.03107,0.03094,32.23726627981947,0.03102,13.17973433,53
2025-07-22 18:15:00,0.03099,0.03099,0.03087,32.289312237649334,0.03093,154.00184835,73
2025-07-22 18:30:00,0.03096,0.03107,0.03096,32.24766204450177,0.03097,67.43629097,149
2025-07-22 18:45:00,0.03098,0.03101,0.03094,32.289312237649334,0.03097,20.67714670,45
2025-07-22 19:00:00,0.03098,0.03100,0.03096,32.289312237649334,0.03097,24.66297561,36
2025-07-22 19:15:00,0.03100,0.03105,0.03098,32.278889606197545,0.03100,14.20079734,22
2025-07-22 19:30:00,0.03098,0.03098,0.03086,32.40440699935191,0.03095,29.29453159,48
2025-07-22 19:45:00,0.03085,0.03085,0.03071,32.50975292587776,0.03079,31.77380939,75
2025-07-22 20:00:00,0.03075,0.03091,0.03073,32.372936225315634,0.03077,13.86083879,65
2025-07-22 20:15:00,0.03089,0.03089,0.03082,32.44646333549643,0.03083,121.49970546,70
2025-07-22 20:30:00,0.03081,0.03093,0.03079,32.341526520051744,0.03083,4.41613207,22
2025-07-22 20:45:00,0.03094,0.03095,0.03091,32.33107015842224,0.03092,1.58425613,14
2025-07-22 21:00:00,0.03094,0.03098,0.03092,32.278889606197545,0.03095,0.30801207,13
2025-07-22 21:15:00,0.03099,0.03101,0.03099,32.25806451612903,0.03100,0.25841990,15
2025-07-22 21:30:00,0.03100,0.03100,0.03094,32.32062055591467,0.03099,39.23775890,31
2025-07-22 21:45:00,0.03097,0.03104,0.03096,32.22687721559781,0.03100,0.76386227,18
2025-07-22 22:00:00,0.03105,0.03107,0.03102,32.22687721559781,0.03103,5.29689412,21
2025-07-22 22:15:00,0.03102,0.03104,0.03099,32.26847370119393,0.03102,97.87008157,54
2025-07-22 22:30:00,0.03103,0.03108,0.03102,32.21649484536082,0.03103,9.66505513,25
2025-07-22 22:45:00,0.03105,0.03105,0.03101,32.21649484536082,0.03103,5.26210932,20
2025-07-22 23:00:00,0.03104,0.03107,0.03104,32.19575016097875,0.03104,11.64248178,14
2025-07-22 23:15:00,0.03106,0.03114,0.03106,32.113037893384714,0.03107,12.32033830,24
2025-07-22 23:30:00,0.03114,0.03125,0.03114,32.04101249599487,0.03122,8.08966974,28
2025-07-22 23:45:00,0.03125,0.03125,0.03122,32.02049311559398,0.03123,1.98224826,13
2025-07-23 00:00:00,0.03123,0.03123,0.03114,32.05128205128205,0.03117,3.68190648,18
2025-07-23 00:15:00,0.03117,0.03130,0.03117,32.06155819172812,0.03126,9.21382372,37
2025-07-23 00:30:00,0.03119,0.03122,0.03117,32.03074951953876,0.03117,10.66460687,11
2025-07-23 00:45:00,0.03121,0.03125,0.03117,32.08213025344883,0.03122,43.65553694,41
2025-07-23 01:00:00,0.03116,0.03116,0.03111,32.113037893384714,0.03112,3.11130241,23
2025-07-23 01:15:00,0.03115,0.03121,0.03115,32.09242618741977,0.03116,0.28451731,8
2025-07-23 01:30:00,0.03117,0.03126,0.03117,32.02049311559398,0.03121,0.54239022,14
2025-07-23 01:45:00,0.03123,0.03125,0.03121,32.0,0.03122,1.64069378,15
2025-07-23 02:00:00,0.03125,0.03142,0.03125,31.82686187141948,0.03138,6.32295777,45
2025-07-23 02:15:00,0.03139,0.03139,0.03138,31.86743148502231,0.03138,0.84950759,5
2025-07-23 02:30:00,0.03141,0.03153,0.03138,31.86743148502231,0.03146,33.70198229,55
2025-07-23 02:45:00,0.03135,0.03145,0.03133,31.79650238473768,0.03137,1.42447030,23
2025-07-23 03:00:00,0.03142,0.03142,0.03142,31.82686187141948,0.03142,0.01052218,2
2025-07-23 03:15:00,0.03141,0.03153,0.03141,31.71582619727244,0.03150,2.37472501,24
2025-07-23 03:30:00,0.03154,0.03157,0.03152,31.725888324873097,0.03154,2.72904553,26
2025-07-23 03:45:00,0.03151,0.03151,0.03147,31.776294884016526,0.03149,0.45613832,13
2025-07-23 04:00:00,0.03144,0.03145,0.03137,31.847133757961785,0.03140,10.68384204,20
2025-07-23 04:15:00,0.03137,0.03143,0.03136,31.82686187141948,0.03139,30.42420940,39
2025-07-23 04:30:00,0.03140,0.03142,0.03139,31.82686187141948,0.03140,28.52319544,21
2025-07-23 04:45:00,0.03142,0.03142,0.03138,31.86743148502231,0.03140,2.57265082,15
2025-07-23 05:00:00,0.03141,0.03141,0.03134,31.90810465858328,0.03139,73.91518130,54
2025-07-23 05:15:00,0.03133,0.03133,0.03126,31.9693094629156,0.03129,43.08418411,35
2025-07-23 05:30:00,0.03127,0.03128,0.03117,31.9693094629156,0.03119,5.07308259,30
2025-07-23 05:45:00,0.03128,0.03132,0.03128,31.948881789137378,0.03129,2.23489411,10
2025-07-23 06:00:00,0.03130,0.03130,0.03126,31.97953309881676,0.03128,2.84847909,5
2025-07-23 06:15:00,0.03126,0.03126,0.03117,32.08213025344883,0.03123,1.22767722,13
2025-07-23 06:30:00,0.03119,0.03119,0.03116,32.07184092366902,0.03117,1.90524374,15
2025-07-23 06:45:00,0.03119,0.03119,0.03118,32.06155819172812,0.03118,11.98240738,12
2025-07-23 07:00:00,0.03119,0.03120,0.03115,32.09242618741977,0.03118,17.75320702,24
2025-07-23 07:15:00,0.03115,0.03117,0.03115,32.09242618741977,0.03116,161.08028630,41
2025-07-23 07:30:00,0.03116,0.03116,0.03102,32.23726627981947,0.03105,6.35703783,32
2025-07-23 07:45:00,0.03102,0.03104,0.03098,32.23726627981947,0.03099,62.96285988,59
2025-07-23 08:00:00,0.03104,0.03107,0.03101,32.1853878339234,0.03101,10.39829021,16
2025-07-23 08:15:00,0.03105,0.03111,0.03103,32.14400514304082,0.03109,0.81465780,13
2025-07-23 08:30:00,0.03111,0.03111,0.03106,32.1853878339234,0.03107,0.82056950,11
2025-07-23 08:45:00,0.03106,0.03115,0.03106,32.102728731942214,0.03111,11.25614293,23
2025-07-23 09:00:00,0.03116,0.03120,0.03112,32.113037893384714,0.03118,35.57257474,45
2025-07-23 09:15:00,0.03111,0.03113,0.03101,32.24766204450177,0.03108,2.48061678,26
2025-07-23 09:30:00,0.03098,0.03105,0.03098,32.25806451612903,0.03102,44.50812832,64
2025-07-23 09:45:00,0.03100,0.03103,0.03098,32.25806451612903,0.03101,24.45581389,29
2025-07-23 10:00:00,0.03101,0.03101,0.03091,32.341526520051744,0.03096,13.69791371,45
2025-07-23 10:15:00,0.03094,0.03096,0.03094,32.31017770597739,0.03094,0.29404226,6
2025-07-23 10:30:00,0.03095,0.03098,0.03095,32.278889606197545,0.03095,1.38478261,11
2025-07-23 10:45:00,0.03098,0.03100,0.03096,32.289312237649334,0.03097,7.58811330,16
2025-07-23 11:00:00,0.03097,0.03098,0.03091,32.35198964736331,0.03095,3.23209018,19
2025-07-23 11:15:00,0.03091,0.03098,0.03091,32.278889606197545,0.03094,258.81117963,92
2025-07-23 11:30:00,0.03098,0.03098,0.03096,32.278889606197545,0.03097,14.56499771,29
2025-07-23 11:45:00,0.03099,0.03099,0.03095,32.278889606197545,0.03096,0.28789504,10
2025-07-23 12:00:00,0.03097,0.03100,0.03096,32.26847370119393,0.03097,10.41950324,30
2025-07-23 12:15:00,0.03099,0.03100,0.03099,32.26847370119393,0.03099,0.30232218,7
2025-07-23 12:30:00,0.03099,0.03100,0.03094,32.32062055591467,0.03098,4.81710187,9
2025-07-23 12:45:00,0.03092,0.03097,0.03086,32.40440699935191,0.03088,27.56017983,46
2025-07-23 13:00:00,0.03085,0.03091,0.03071,32.35198964736331,0.03080,199.61257860,170
2025-07-23 13:15:00,0.03091,0.03100,0.03089,32.25806451612903,0.03092,49.20399118,59
2025-07-23 13:30:00,0.03100,0.03102,0.03067,32.520325203252035,0.03087,13.25919294,74
2025-07-23 13:45:00,0.03072,0.03073,0.03051,32.701111837802486,0.03061,161.39135763,163
2025-07-23 14:00:00,0.03058,0.03067,0.03050,32.78688524590164,0.03057,35.87236918,41
2025-07-23 14:15:00,0.03050,0.03068,0.03050,32.59452411994785,0.03061,2.07814907,39
2025-07-23 14:30:00,0.03068,0.03070,0.03054,32.701111837802486,0.03057,76.44073487,168
2025-07-23 14:45:00,0.03056,0.03060,0.03050,32.67973856209151,0.03058,38.31935459,38
2025-07-23 15:00:00,0.03061,0.03063,0.03056,32.72251308900523,0.03058,2.99367311,15
2025-07-23 15:15:00,0.03057,0.03062,0.03056,32.72251308900523,0.03059,29.57214717,26
2025-07-23 15:30:00,0.03056,0.03061,0.03055,32.66906239790918,0.03056,1.30656902,9
2025-07-23 15:45:00,0.03060,0.03075,0.03060,32.552083333333336,0.03071,40.08513509,45
2025-07-23 16:00:00,0.03073,0.03077,0.03064,32.637075718015666,0.03073,11.98129744,40
2025-07-23 16:15:00,0.03065,0.03065,0.03058,32.701111837802486,0.03061,33.68774052,41
2025-07-23 16:30:00,0.03058,0.03059,0.03047,32.79763857002296,0.03050,72.00609839,102
2025-07-23 16:45:00,0.03050,0.03050,0.03035,32.927230819888045,0.03043,17.17650362,97
2025-07-23 17:00:00,0.03039,0.03040,0.03030,32.99241174529858,0.03031,9.58039410,41
2025-07-23 17:15:00,0.03030,0.03039,0.03029,32.93807641633728,0.03033,7.26101188,43
2025-07-23 17:30:00,0.03033,0.03043,0.03030,32.86230693394676,0.03035,16.82916996,58
2025-07-23 17:45:00,0.03044,0.03044,0.03039,32.89473684210526,0.03040,0.54265935,11
2025-07-23 18:00:00,0.03038,0.03042,0.03038,32.87310979618672,0.03040,2.06796835,19
2025-07-23 18:15:00,0.03042,0.03048,0.03041,32.829940906106366,0.03046,32.72053865,33
2025-07-23 18:30:00,0.03043,0.03046,0.03043,32.829940906106366,0.03043,15.76393997,26
2025-07-23 18:45:00,0.03045,0.03048,0.03044,32.829940906106366,0.03046,78.87046182,30
2025-07-23 19:00:00,0.03044,0.03047,0.03044,32.81916639317361,0.03046,6.32947603,20
2025-07-23 19:15:00,0.03046,0.03046,0.03038,32.91639236339697,0.03040,455.58618777,286
2025-07-23 19:30:00,0.03036,0.03040,0.03031,32.89473684210526,0.03032,571.50049638,266
2025-07-23 19:45:00,0.03041,0.03044,0.03032,32.98153034300792,0.03042,8.18755866,19
2025-07-23 20:00:00,0.03035,0.03040,0.03025,33.03600925008259,0.03027,24.04550017,45
2025-07-23 20:15:00,0.03027,0.03027,0.03018,33.101621979476995,0.03020,226.09172892,177
2025-07-23 20:30:00,0.03019,0.03030,0.03013,33.003300330033,0.03022,40.63806196,91
2025-07-23 20:45:00,0.03030,0.03032,0.03025,33.03600925008259,0.03026,109.10018066,60
2025-07-23 21:00:00,0.03028,0.03030,0.03021,33.01419610432486,0.03027,3.78552837,27
2025-07-23 21:15:00,0.03028,0.03029,0.03004,33.23363243602526,0.03010,47.76217922,76
2025-07-23 21:30:00,0.03012,0.03036,0.03008,32.94892915980231,0.03025,61.39813696,72
2025-07-23 21:45:00,0.03036,0.03043,0.03034,32.95978905735004,0.03039,12.82548958,35
2025-07-23 22:00:00,0.03039,0.03042,0.03038,32.87310979618672,0.03039,0.37772002,9
2025-07-23 22:15:00,0.03044,0.03046,0.03044,32.8515111695138,0.03044,2.96776931,17
2025-07-23 22:30:00,0.03044,0.03048,0.03043,32.808398950131235,0.03047,12.91137155,21
2025-07-23 22:45:00,0.03050,0.03052,0.03043,32.8515111695138,0.03050,20.72788364,30
2025-07-23 23:00:00,0.03046,0.03053,0.03046,32.754667540124466,0.03048,1.93824270,13
2025-07-23 23:15:00,0.03053,0.03061,0.03053,32.66906239790918,0.03056,22.18346582,35
2025-07-23 23:30:00,0.03062,0.03064,0.03062,32.65839320705421,0.03062,4.01012688,10
2025-07-23 23:45:00,0.03062,0.03062,0.03055,32.733224222585925,0.03058,5.28728673,13
2025-07-24 00:00:00,0.03054,0.03054,0.03047,32.81916639317361,0.03047,14.34295771,11
2025-07-24 00:15:00,0.03051,0.03061,0.03051,32.701111837802486,0.03059,3.34850326,20
2025-07-24 00:30:00,0.03054,0.03058,0.03054,32.701111837802486,0.03056,5.11936447,11
2025-07-24 00:45:00,0.03058,0.03063,0.03054,32.6477309826967,0.03060,21.91321715,26
2025-07-24 01:00:00,0.03063,0.03063,0.03061,32.66906239790918,0.03062,1.59173316,9
2025-07-24 01:15:00,0.03061,0.03067,0.03058,32.701111837802486,0.03066,36.19734907,35
2025-07-24 01:30:00,0.03058,0.03059,0.03055,32.72251308900523,0.03058,4.58084686,14
2025-07-24 01:45:00,0.03057,0.03061,0.03057,32.66906239790918,0.03058,2.95921599,8
2025-07-24 02:00:00,0.03061,0.03064,0.03059,32.637075718015666,0.03061,0.46532717,9
2025-07-24 02:15:00,0.03064,0.03066,0.03062,32.637075718015666,0.03064,2.19298663,15
2025-07-24 02:30:00,0.03066,0.03066,0.03065,32.62642740619902,0.03065,2.02670894,5
2025-07-24 02:45:00,0.03066,0.03067,0.03065,32.60515161395501,0.03066,30.04613034,10
2025-07-24 03:00:00,0.03065,0.03067,0.03065,32.60515161395501,0.03066,0.03671495,6
2025-07-24 03:15:00,0.03067,0.03071,0.03066,32.5626831650928,0.03069,7.21645899,23
2025-07-24 03:30:00,0.03072,0.03077,0.03071,32.49918752031199,0.03073,1.36422925,23
2025-07-24 03:45:00,0.03075,0.03075,0.03073,32.54149040026033,0.03073,0.31686063,4
2025-07-24 04:00:00,0.03075,0.03082,0.03074,32.44646333549643,0.03077,40.46372361,38
2025-07-24 04:15:00,0.03082,0.03082,0.03073,32.54149040026033,0.03076,2.41715073,12
2025-07-24 04:30:00,0.03071,0.03073,0.03067,32.54149040026033,0.03071,2.35615632,12
2025-07-24 04:45:00,0.03072,0.03072,0.03060,32.66906239790918,0.03061,0.91412071,11
2025-07-24 05:00:00,0.03060,0.03062,0.03045,32.84072249589491,0.03048,0.93694542,21
2025-07-24 05:15:00,0.03048,0.03051,0.03045,32.84072249589491,0.03046,0.47222157,15
2025-07-24 05:30:00,0.03045,0.03052,0.03044,32.808398950131235,0.03048,293.65971529,100
2025-07-24 05:45:00,0.03045,0.03045,0.03027,33.03600925008259,0.03037,4.79991774,43
2025-07-24 06:00:00,0.03025,0.03030,0.03025,33.04692663582287,0.03027,3.08587124,13
2025-07-24 06:15:00,0.03025,0.03036,0.03025,32.93807641633728,0.03033,36.14392440,34
2025-07-24 06:30:00,0.03035,0.03035,0.03011,33.211557622052474,0.03026,14.95640831,52
2025-07-24 06:45:00,0.03012,0.03023,0.03004,33.079722130334105,0.03016,75.82191543,79
2025-07-24 07:00:00,0.03018,0.03018,0.02999,33.16749585406302,0.03001,79.96475290,94
2025-07-24 07:15:00,0.03012,0.03028,0.03012,33.11258278145695,0.03024,73.79801074,85
2025-07-24 07:30:00,0.03019,0.03024,0.03017,33.06878306878307,0.03017,5.45612900,14
2025-07-24 07:45:00,0.03022,0.03033,0.03022,32.97065611605671,0.03024,22.26923176,25
2025-07-24 08:00:00,0.03028,0.03062,0.03028,32.65839320705421,0.03043,7.36315567,53
2025-07-24 08:15:00,0.03059,0.03062,0.03054,32.74394237066143,0.03060,11.88208176,16
2025-07-24 08:30:00,0.03057,0.03062,0.03057,32.69042170644001,0.03060,4.52010181,13
2025-07-24 08:45:00,0.03062,0.03065,0.03059,32.67973856209151,0.03059,12.66472964,31
2025-07-24 09:00:00,0.03060,0.03064,0.03060,32.67973856209151,0.03063,1.72043498,20
2025-07-24 09:15:00,0.03062,0.03062,0.03055,32.72251308900523,0.03056,18.73043015,27
2025-07-24 09:30:00,0.03056,0.03069,0.03056,32.58390355164549,0.03057,39.63147184,57
2025-07-24 09:45:00,0.03070,0.03071,0.03063,32.60515161395501,0.03065,6.29628845,35
2025-07-24 10:00:00,0.03067,0.03080,0.03067,32.54149040026033,0.03074,50.86844079,49
2025-07-24 10:15:00,0.03070,0.03070,0.03050,32.78688524590164,0.03053,274.56519726,92
2025-07-24 10:30:00,0.03050,0.03053,0.03045,32.754667540124466,0.03049,103.90052667,47
2025-07-24 10:45:00,0.03054,0.03061,0.03054,32.701111837802486,0.03055,36.94651741,18
2025-07-24 11:00:00,0.03060,0.03074,0.03060,32.53090435914118,0.03073,91.81582821,47
2025-07-24 11:15:00,0.03073,0.03076,0.03072,32.50975292587776,0.03073,127.30407073,59
2025-07-24 11:30:00,0.03074,0.03082,0.03073,32.44646333549643,0.03080,48.26080056,33
2025-07-24 11:45:00,0.03079,0.03082,0.03079,32.44646333549643,0.03079,5.41810862,14
2025-07-24 12:00:00,0.03082,0.03083,0.03073,32.54149040026033,0.03081,2.91769791,16
2025-07-24 12:15:00,0.03072,0.03076,0.03069,32.50975292587776,0.03070,0.91359481,13
2025-07-24 12:30:00,0.03070,0.03070,0.03063,32.6477309826967,0.03067,2.37425998,12
2025-07-24 12:45:00,0.03063,0.03070,0.03063,32.57328990228013,0.03064,1.62349878,10
2025-07-24 13:00:00,0.03071,0.03073,0.03069,32.552083333333336,0.03070,0.22819180,8
2025-07-24 13:15:00,0.03069,0.03073,0.03068,32.552083333333336,0.03069,2.79700034,15
2025-07-24 13:30:00,0.03072,0.03077,0.03067,32.53090435914118,0.03072,3.05155706,36
2025-07-24 13:45:00,0.03075,0.03079,0.03072,32.53090435914118,0.03077,0.92478304,16
2025-07-24 14:00:00,0.03071,0.03105,0.03068,32.57328990228013,0.03086,437.99255010,173
2025-07-24 14:15:00,0.03070,0.03086,0.03070,32.40440699935191,0.03081,9.81284616,27
2025-07-24 14:30:00,0.03088,0.03112,0.03088,32.154340836012864,0.03108,88.84924782,113
2025-07-24 14:45:00,0.03109,0.03135,0.03109,31.897926634768737,0.03125,175.05598257,141
2025-07-24 15:00:00,0.03137,0.03158,0.03131,31.675641431738992,0.03141,130.39268712,132
2025-07-24 15:15:00,0.03156,0.03156,0.03138,31.82686187141948,0.03146,31.92462080,72
2025-07-24 15:30:00,0.03141,0.03144,0.03129,31.81673560292714,0.03137,9.62408918,74
2025-07-24 15:45:00,0.03143,0.03143,0.03129,31.918289179699972,0.03141,3.62964394,31
2025-07-24 16:00:00,0.03134,0.03134,0.03121,32.02049311559398,0.03122,115.95645166,61
2025-07-24 16:15:00,0.03123,0.03128,0.03111,32.13367609254499,0.03120,7.56090652,36
2025-07-24 16:30:00,0.03112,0.03112,0.03104,32.21649484536082,0.03107,40.19569910,58
2025-07-24 16:45:00,0.03103,0.03110,0.03102,32.19575016097875,0.03102,6.21447210,24
2025-07-24 17:00:00,0.03110,0.03125,0.03108,32.0,0.03111,48.49432567,46
2025-07-24 17:15:00,0.03121,0.03123,0.03117,32.05128205128205,0.03120,13.80153802,25
2025-07-24 17:30:00,0.03120,0.03126,0.03119,32.0,0.03121,2.80064919,18
2025-07-24 17:45:00,0.03126,0.03131,0.03126,31.97953309881676,0.03129,170.76814094,202
2025-07-24 18:00:00,0.03127,0.03129,0.03121,31.97953309881676,0.03127,1.65706446,28
2025-07-24 18:15:00,0.03127,0.03128,0.03126,31.97953309881676,0.03126,10.16482068,17
2025-07-24 18:30:00,0.03128,0.03140,0.03128,31.857279388340235,0.03138,16.06229788,46
2025-07-24 18:45:00,0.03139,0.03148,0.03139,31.79650238473768,0.03144,8.57162480,28
2025-07-24 19:00:00,0.03144,0.03146,0.03141,31.83699458771092,0.03142,0.41799943,13
2025-07-24 19:15:00,0.03143,0.03145,0.03131,31.897926634768737,0.03139,6.43250267,26
2025-07-24 19:30:00,0.03132,0.03138,0.03128,31.92848020434227,0.03130,6.39028427,28
2025-07-24 19:45:00,0.03132,0.03143,0.03132,31.847133757961785,0.03141,2.24726983,23
2025-07-24 20:00:00,0.03139,0.03141,0.03133,31.857279388340235,0.03135,22.38113294,31
2025-07-24 20:15:00,0.03139,0.03145,0.03135,31.79650238473768,0.03141,10.46667061,38
2025-07-24 20:30:00,0.03146,0.03148,0.03142,31.79650238473768,0.03142,79.20365443,42
2025-07-24 20:45:00,0.03146,0.03149,0.03144,31.756113051762465,0.03147,9.71503035,48
2025-07-24 21:00:00,0.03147,0.03150,0.03142,31.786395422759057,0.03148,8.66302504,24
2025-07-24 21:15:00,0.03145,0.03147,0.03137,31.877590054191902,0.03145,99.61242121,47
2025-07-24 21:30:00,0.03137,0.03141,0.03134,31.83699458771092,0.03135,1.33083939,21
2025-07-24 21:45:00,0.03144,0.03146,0.03141,31.806615776081422,0.03145,115.84424571,44
2025-07-24 22:00:00,0.03140,0.03144,0.03126,31.989763275751756,0.03135,0.98156548,21
2025-07-24 22:15:00,0.03127,0.03137,0.03127,31.897926634768737,0.03129,17.17479090,35
2025-07-24 22:30:00,0.03136,0.03151,0.03136,31.735956839098694,0.03140,4.35447328,29
2025-07-24 22:45:00,0.03147,0.03152,0.03144,31.725888324873097,0.03147,1.62148640,12
2025-07-24 23:00:00,0.03147,0.03147,0.03136,31.887755102040817,0.03137,11.49572040,33
2025-07-24 23:15:00,0.03135,0.03135,0.03127,31.95909236177693,0.03129,12.63593305,25
2025-07-24 23:30:00,0.03132,0.03140,0.03132,31.847133757961785,0.03135,3.65210448,11
2025-07-24 23:45:00,0.03139,0.03139,0.03132,31.92848020434227,0.03133,12.81688081,10
2025-07-25 00:00:00,0.03132,0.03132,0.03115,32.02049311559398,0.03120,75.28339218,58
2025-07-25 00:15:00,0.03119,0.03123,0.03116,32.02049311559398,0.03121,0.42244302,11
2025-07-25 00:30:00,0.03123,0.03124,0.03104,32.1853878339234,0.03110,3.42758025,45
2025-07-25 00:45:00,0.03110,0.03112,0.03106,32.17503217503217,0.03107,0.47235992,15
2025-07-25 01:00:00,0.03111,0.03114,0.03106,32.1646831778707,0.03110,14.61840439,30
2025-07-25 01:15:00,0.03108,0.03118,0.03105,32.123353678124,0.03111,0.74765737,23
2025-07-25 01:30:00,0.03115,0.03129,0.03114,31.95909236177693,0.03123,2.93556335,43
2025-07-25 01:45:00,0.03131,0.03141,0.03127,31.83699458771092,0.03137,4.67289100,52
2025-07-25 02:00:00,0.03138,0.03144,0.03136,31.806615776081422,0.03143,3.08077299,18
2025-07-25 02:15:00,0.03141,0.03145,0.03135,31.81673560292714,0.03141,4.24553102,31
2025-07-25 02:30:00,0.03146,0.03146,0.03123,31.9693094629156,0.03129,1.49327521,27
2025-07-25 02:45:00,0.03127,0.03127,0.03106,32.17503217503217,0.03110,14.44165906,70
2025-07-25 03:00:00,0.03106,0.03118,0.03105,32.07184092366902,0.03113,2.57210898,42
2025-07-25 03:15:00,0.03116,0.03124,0.03115,32.05128205128205,0.03119,0.58907672,20
2025-07-25 03:30:00,0.03119,0.03119,0.03099,32.154340836012864,0.03107,13.88859629,44
2025-07-25 03:45:00,0.03110,0.03113,0.03108,32.123353678124,0.03109,1.47485901,14
2025-07-25 04:00:00,0.03115,0.03121,0.03115,32.09242618741977,0.03117,1.85763811,18
2025-07-25 04:15:00,0.03114,0.03117,0.03108,32.09242618741977,0.03115,13.20760132,44
2025-07-25 04:30:00,0.03116,0.03131,0.03116,31.989763275751756,0.03121,19.42773720,56
2025-07-25 04:45:00,0.03127,0.03141,0.03127,31.83699458771092,0.03136,9.08676509,38
2025-07-25 05:00:00,0.03141,0.03147,0.03132,31.92848020434227,0.03145,46.68470661,48
2025-07-25 05:15:00,0.03135,0.03143,0.03135,31.83699458771092,0.03138,9.40293486,15
2025-07-25 05:30:00,0.03141,0.03141,0.03135,31.86743148502231,0.03138,4.50802549,15
2025-07-25 05:45:00,0.03140,0.03145,0.03135,31.79650238473768,0.03139,0.38443855,15
2025-07-25 06:00:00,0.03144,0.03145,0.03132,31.83699458771092,0.03142,25.51493838,38
2025-07-25 06:15:00,0.03138,0.03149,0.03136,31.847133757961785,0.03147,77.83835065,57
2025-07-25 06:30:00,0.03141,0.03153,0.03141,31.71582619727244,0.03143,16.94017601,32
2025-07-25 06:45:00,0.03153,0.03154,0.03148,31.766200762388817,0.03153,17.21318132,19
2025-07-25 07:00:00,0.03150,0.03150,0.03143,31.756113051762465,0.03147,7.62318037,30
2025-07-25 07:15:00,0.03150,0.03164,0.03148,31.766200762388817,0.03160,38.97339038,73
2025-07-25 07:30:00,0.03147,0.03147,0.03138,31.857279388340235,0.03143,50.54084087,28
2025-07-25 07:45:00,0.03138,0.03153,0.03136,31.766200762388817,0.03138,275.36663022,220
2025-07-25 08:00:00,0.03149,0.03158,0.03147,31.766200762388817,0.03155,45.73129268,47
2025-07-25 08:15:00,0.03153,0.03168,0.03153,31.565656565656568,0.03158,107.30584725,65
2025-07-25 08:30:00,0.03167,0.03170,0.03167,31.57562361856647,0.03167,6.34247357,17
2025-07-25 08:45:00,0.03167,0.03183,0.03167,31.436655139893116,0.03179,47.52285992,98
2025-07-25 09:00:00,0.03177,0.03179,0.03172,31.48614609571789,0.03174,40.82318436,35
2025-07-25 09:15:00,0.03178,0.03197,0.03178,31.279324366593684,0.03187,8.14193775,75
2025-07-25 09:30:00,0.03197,0.03213,0.03197,31.22073056509522,0.03203,78.25446468,119
2025-07-25 09:45:00,0.03203,0.03216,0.03196,31.1332503113325,0.03208,22.27848062,51
2025-07-25 10:00:00,0.03212,0.03219,0.03202,31.230480949406623,0.03214,18.81301490,49
2025-07-25 10:15:00,0.03201,0.03201,0.03193,31.30870381966186,0.03195,10.79276642,48
2025-07-25 10:30:00,0.03194,0.03200,0.03194,31.289111389236542,0.03195,121.91557707,121
2025-07-25 10:45:00,0.03196,0.03197,0.03192,31.279324366593684,0.03195,32.04334329,35
2025-07-25 11:00:00,0.03197,0.03202,0.03197,31.230480949406623,0.03199,19.87100055,29
2025-07-25 11:15:00,0.03202,0.03205,0.03201,31.201248049921993,0.03201,13.91086813,23
2025-07-25 11:30:00,0.03204,0.03205,0.03193,31.318509238960225,0.03202,7.16421054,26
2025-07-25 11:45:00,0.03193,0.03195,0.03189,31.29890453834116,0.03192,5.21274231,24
2025-07-25 12:00:00,0.03195,0.03201,0.03195,31.240237425804438,0.03197,8.67977512,23
2025-07-25 12:15:00,0.03200,0.03200,0.03192,31.279324366593684,0.03195,2.67304990,23
2025-07-25 12:30:00,0.03197,0.03206,0.03193,31.210986267166042,0.03204,36.19555003,33
2025-07-25 12:45:00,0.03204,0.03204,0.03189,31.357792411414234,0.03194,65.52880369,42
2025-07-25 13:00:00,0.03190,0.03195,0.03188,31.30870381966186,0.03193,6.33513091,13
2025-07-25 13:15:00,0.03192,0.03195,0.03191,31.30870381966186,0.03192,3.83315940,19
2025-07-25 13:30:00,0.03191,0.03191,0.03175,31.387319522912744,0.03181,59.92924265,84
2025-07-25 13:45:00,0.03188,0.03188,0.03182,31.377470975839344,0.03183,4.24575648,19
2025-07-25 14:00:00,0.03188,0.03194,0.03187,31.377470975839344,0.03193,19.40259768,28
2025-07-25 14:15:00,0.03185,0.03188,0.03184,31.397174254317108,0.03186,6.39837002,15
2025-07-25 14:30:00,0.03184,0.03188,0.03159,31.605562579013906,0.03170,21.87577193,77
2025-07-25 14:45:00,0.03163,0.03167,0.03155,31.675641431738992,0.03166,32.48882801,38
2025-07-25 15:00:00,0.03158,0.03160,0.03142,31.776294884016526,0.03156,133.97811132,102
2025-07-25 15:15:00,0.03151,0.03154,0.03149,31.735956839098694,0.03150,44.60724147,34
2025-07-25 15:30:00,0.03151,0.03151,0.03125,31.97953309881676,0.03135,40.28146589,72
2025-07-25 15:45:00,0.03129,0.03139,0.03129,31.857279388340235,0.03134,42.47692023,54
2025-07-25 16:00:00,0.03139,0.03144,0.03139,31.847133757961785,0.03140,6.18081987,22
2025-07-25 16:15:00,0.03141,0.03141,0.03132,31.86743148502231,0.03137,1.16608637,20
2025-07-25 16:30:00,0.03136,0.03138,0.03132,31.918289179699972,0.03137,3.48250479,13
2025-07-25 16:45:00,0.03135,0.03138,0.03135,31.887755102040817,0.03137,0.57514815,13
2025-07-25 17:00:00,0.03135,0.03135,0.03132,31.897926634768737,0.03133,1.98580256,20
2025-07-25 17:15:00,0.03135,0.03135,0.03126,31.938677738741617,0.03132,116.10277785,108
2025-07-25 17:30:00,0.03130,0.03132,0.03126,31.97953309881676,0.03129,15.45076104,26
2025-07-25 17:45:00,0.03127,0.03133,0.03127,31.918289179699972,0.03131,1.74803964,19
2025-07-25 18:00:00,0.03133,0.03136,0.03133,31.90810465858328,0.03134,4.24907496,13
2025-07-25 18:15:00,0.03134,0.03136,0.03134,31.887755102040817,0.03135,1.51292584,4
2025-07-25 18:30:00,0.03135,0.03137,0.03133,31.877590054191902,0.03134,8.34285247,15
2025-07-25 18:45:00,0.03135,0.03137,0.03135,31.897926634768737,0.03136,31.66904429,18
2025-07-25 19:00:00,0.03132,0.03138,0.03132,31.897926634768737,0.03137,12.09887932,14
2025-07-25 19:15:00,0.03134,0.03134,0.03126,31.989763275751756,0.03132,5.40979879,13
2025-07-25 19:30:00,0.03127,0.03131,0.03126,31.989763275751756,0.03127,1.35309260,13
2025-07-25 19:45:00,0.03128,0.03128,0.03123,32.02049311559398,0.03124,5.92111161,19
2025-07-25 20:00:00,0.03123,0.03124,0.03121,32.010243277848915,0.03123,10.53962188,24
2025-07-25 20:15:00,0.03124,0.03138,0.03124,31.877590054191902,0.03132,1.28267753,23
2025-07-25 20:30:00,0.03137,0.03150,0.03137,31.786395422759057,0.03142,41.09297728,41
2025-07-25 20:45:00,0.03150,0.03153,0.03147,31.766200762388817,0.03149,22.01773992,32
2025-07-25 21:00:00,0.03151,0.03167,0.03150,31.585596967782692,0.03154,21.38400025,57
2025-07-25 21:15:00,0.03168,0.03177,0.03168,31.51591553734636,0.03175,60.11627411,64
2025-07-25 21:30:00,0.03175,0.03175,0.03169,31.51591553734636,0.03172,106.65643353,39
2025-07-25 21:45:00,0.03171,0.03177,0.03171,31.496062992125985,0.03175,195.96794252,142
2025-07-25 22:00:00,0.03174,0.03179,0.03170,31.456432840515888,0.03173,2.09388698,26
2025-07-25 22:15:00,0.03178,0.03178,0.03172,31.525851197982348,0.03175,30.75326327,23
2025-07-25 22:30:00,0.03174,0.03175,0.03173,31.496062992125985,0.03174,2.44069501,13
2025-07-25 22:45:00,0.03173,0.03174,0.03173,31.51591553734636,0.03173,4.94290346,8
2025-07-25 23:00:00,0.03171,0.03171,0.03165,31.595576619273306,0.03168,1.41189648,14
2025-07-25 23:15:00,0.03168,0.03172,0.03167,31.525851197982348,0.03168,0.27730665,7
2025-07-25 23:30:00,0.03168,0.03168,0.03166,31.565656565656568,0.03166,5.11211285,18
2025-07-25 23:45:00,0.03168,0.03171,0.03167,31.565656565656568,0.03169,0.72716661,12
2025-07-26 00:00:00,0.03169,0.03169,0.03164,31.605562579013906,0.03168,0.66018267,8
2025-07-26 00:15:00,0.03164,0.03171,0.03164,31.535793125197095,0.03167,0.19551186,13
2025-07-26 00:30:00,0.03170,0.03170,0.03167,31.565656565656568,0.03168,3.56603403,10
2025-07-26 00:45:00,0.03167,0.03167,0.03166,31.57562361856647,0.03166,0.08548076,4
2025-07-26 01:00:00,0.03169,0.03169,0.03166,31.585596967782692,0.03166,2.70772548,9
2025-07-26 01:15:00,0.03166,0.03169,0.03165,31.555695803092455,0.03165,0.44915575,6
2025-07-26 01:30:00,0.03166,0.03167,0.03165,31.585596967782692,0.03166,3.38521785,11
2025-07-26 01:45:00,0.03166,0.03166,0.03160,31.645569620253163,0.03162,0.16157263,7
2025-07-26 02:00:00,0.03161,0.03165,0.03159,31.595576619273306,0.03162,0.72360591,11
2025-07-26 02:15:00,0.03166,0.03202,0.03166,31.397174254317108,0.03193,155.48960362,120
2025-07-26 02:30:00,0.03186,0.03196,0.03176,31.446540880503143,0.03183,39.49008107,41
2025-07-26 02:45:00,0.03180,0.03186,0.03180,31.407035175879397,0.03184,1.64427176,17
2025-07-26 03:00:00,0.03185,0.03186,0.03177,31.456432840515888,0.03184,0.88852453,8
2025-07-26 03:15:00,0.03178,0.03182,0.03176,31.48614609571789,0.03180,3.09296408,15
2025-07-26 03:30:00,0.03177,0.03179,0.03176,31.456432840515888,0.03176,0.30103378,7
2025-07-26 03:45:00,0.03179,0.03184,0.03179,31.407035175879397,0.03183,0.37589866,4
2025-07-26 04:00:00,0.03184,0.03188,0.03184,31.36762860727729,0.03184,0.56620572,6
2025-07-26 04:15:00,0.03188,0.03189,0.03186,31.377470975839344,0.03186,2.58101573,8
2025-07-26 04:30:00,0.03187,0.03189,0.03187,31.357792411414234,0.03188,0.05347782,4
2025-07-26 04:45:00,0.03192,0.03194,0.03190,31.347962382445143,0.03193,8.23676558,13
2025-07-26 05:00:00,0.03191,0.03191,0.03182,31.397174254317108,0.03188,0.76181340,13
2025-07-26 05:15:00,0.03185,0.03191,0.03185,31.338138514572233,0.03188,0.17132672,5
2025-07-26 05:30:00,0.03189,0.03195,0.03189,31.30870381966186,0.03193,2.13914494,11
2025-07-26 05:45:00,0.03194,0.03194,0.03191,31.318509238960225,0.03192,3.57894243,18
2025-07-26 06:00:00,0.03193,0.03193,0.03190,31.347962382445143,0.03191,12.67663476,17
2025-07-26 06:15:00,0.03191,0.03192,0.03185,31.397174254317108,0.03190,2.33498046,7
2025-07-26 06:30:00,0.03184,0.03188,0.03184,31.387319522912744,0.03186,42.72583046,23
2025-07-26 06:45:00,0.03186,0.03187,0.03185,31.377470975839344,0.03186,2.62934736,7
2025-07-26 07:00:00,0.03186,0.03191,0.03186,31.338138514572233,0.03186,1.08222495,13
2025-07-26 07:15:00,0.03191,0.03194,0.03190,31.328320802005017,0.03190,65.91077908,44
2025-07-26 07:30:00,0.03193,0.03193,0.03191,31.338138514572233,0.03191,0.71639936,4
2025-07-26 07:45:00,0.03192,0.03192,0.03190,31.347962382445143,0.03191,64.57518872,32
2025-07-26 08:00:00,0.03191,0.03193,0.03190,31.347962382445143,0.03191,0.17086450,4
2025-07-26 08:15:00,0.03191,0.03203,0.03191,31.22073056509522,0.03197,69.77434509,45
2025-07-26 08:30:00,0.03199,0.03199,0.03197,31.279324366593684,0.03198,2.20248363,4
2025-07-26 08:45:00,0.03198,0.03212,0.03198,31.230480949406623,0.03207,74.17769920,78
2025-07-26 09:00:00,0.03202,0.03202,0.03195,31.279324366593684,0.03198,15.99170215,17
2025-07-26 09:15:00,0.03198,0.03200,0.03196,31.289111389236542,0.03198,2.37794938,9
2025-07-26 09:30:00,0.03195,0.03197,0.03195,31.279324366593684,0.03196,1.67941650,6
2025-07-26 09:45:00,0.03194,0.03196,0.03194,31.289111389236542,0.03195,10.55574425,15
2025-07-26 10:00:00,0.03197,0.03200,0.03195,31.29890453834116,0.03198,21.62324497,27
2025-07-26 10:15:00,0.03198,0.03200,0.03198,31.259768677711786,0.03198,68.04924035,47
2025-07-26 10:30:00,0.03199,0.03200,0.03197,31.279324366593684,0.03198,245.56832391,165
2025-07-26 10:45:00,0.03198,0.03198,0.03189,31.357792411414234,0.03196,125.94970991,65
2025-07-26 11:00:00,0.03187,0.03192,0.03187,31.328320802005017,0.03188,0.95475333,11
2025-07-26 11:15:00,0.03191,0.03194,0.03180,31.446540880503143,0.03183,3.84151905,27
2025-07-26 11:30:00,0.03179,0.03179,0.03150,31.496062992125985,0.03161,39.81538443,138
2025-07-26 11:45:00,0.03176,0.03176,0.03170,31.496062992125985,0.03173,25.18715048,26
2025-07-26 12:00:00,0.03175,0.03175,0.03167,31.51591553734636,0.03171,27.97128053,19
2025-07-26 12:15:00,0.03173,0.03178,0.03172,31.51591553734636,0.03177,5.65024004,19
2025-07-26 12:30:00,0.03172,0.03175,0.03172,31.496062992125985,0.03173,7.72059158,24
2025-07-26 12:45:00,0.03176,0.03179,0.03176,31.47623544224111,0.03176,1.18586775,7
2025-07-26 13:00:00,0.03174,0.03174,0.03172,31.525851197982348,0.03172,0.38458908,5
2025-07-26 13:15:00,0.03173,0.03173,0.03172,31.525851197982348,0.03172,1.30461503,3
2025-07-26 13:30:00,0.03173,0.03173,0.03169,31.525851197982348,0.03172,14.68553458,16
2025-07-26 13:45:00,0.03172,0.03173,0.03171,31.535793125197095,0.03172,0.43434727,6
2025-07-26 14:00:00,0.03170,0.03173,0.03167,31.555695803092455,0.03169,15.97072768,28
2025-07-26 14:15:00,0.03167,0.03169,0.03161,31.63555836760519,0.03166,12.51348491,31
2025-07-26 14:30:00,0.03160,0.03163,0.03159,31.63555836760519,0.03159,1.03058452,13
2025-07-26 14:45:00,0.03163,0.03163,0.03159,31.645569620253163,0.03159,33.23750173,27
2025-07-26 15:00:00,0.03159,0.03162,0.03155,31.695721077654515,0.03156,22.71191145,23
2025-07-26 15:15:00,0.03156,0.03160,0.03156,31.645569620253163,0.03157,0.19051223,8
2025-07-26 15:30:00,0.03160,0.03164,0.03160,31.605562579013906,0.03162,6.94884956,15
2025-07-26 15:45:00,0.03165,0.03167,0.03163,31.61555485298767,0.03166,3.66373927,7
2025-07-26 16:00:00,0.03165,0.03165,0.03155,31.695721077654515,0.03161,14.45098999,17
2025-07-26 16:15:00,0.03157,0.03161,0.03157,31.665611146295127,0.03158,5.62903183,11
2025-07-26 16:30:00,0.03158,0.03160,0.03158,31.645569620253163,0.03158,0.07752057,6
2025-07-26 16:45:00,0.03159,0.03159,0.03157,31.675641431738992,0.03157,18.00062907,19
2025-07-26 17:00:00,0.03155,0.03155,0.03155,31.695721077654515,0.03155,0.38000000,2
2025-07-26 17:15:00,0.03158,0.03163,0.03158,31.655587211142766,0.03159,5.10469956,9
2025-07-26 17:30:00,0.03159,0.03159,0.03157,31.675641431738992,0.03158,2.13305720,10
2025-07-26 17:45:00,0.03158,0.03158,0.03156,31.675641431738992,0.03157,37.27383082,21
2025-07-26 18:00:00,0.03156,0.03159,0.03156,31.665611146295127,0.03158,3.02050297,8
2025-07-26 18:15:00,0.03157,0.03161,0.03147,31.63555836760519,0.03154,30.44673680,55
2025-07-26 18:30:00,0.03162,0.03178,0.03162,31.5059861373661,0.03169,2.51726800,20
2025-07-26 18:45:00,0.03173,0.03173,0.03169,31.545741324921135,0.03169,3.30178159,8
2025-07-26 19:00:00,0.03167,0.03170,0.03167,31.545741324921135,0.03169,0.12366076,10
2025-07-26 19:15:00,0.03171,0.03173,0.03170,31.535793125197095,0.03170,1.80978197,14
2025-07-26 19:30:00,0.03170,0.03171,0.03169,31.545741324921135,0.03170,6.51730439,17
2025-07-26 19:45:00,0.03172,0.03175,0.03169,31.496062992125985,0.03170,14.19412341,24
2025-07-26 20:00:00,0.03171,0.03173,0.03169,31.555695803092455,0.03171,0.69319661,6
2025-07-26 20:15:00,0.03168,0.03173,0.03168,31.535793125197095,0.03171,7.47995845,16
2025-07-26 20:30:00,0.03171,0.03176,0.03171,31.48614609571789,0.03171,13.92879694,17
2025-07-26 20:45:00,0.03174,0.03176,0.03173,31.48614609571789,0.03174,0.15628950,10
2025-07-26 21:00:00,0.03174,0.03174,0.03171,31.535793125197095,0.03171,9.46181050,19
2025-07-26 21:15:00,0.03172,0.03175,0.03172,31.496062992125985,0.03174,1.02403046,3
2025-07-26 21:30:00,0.03174,0.03177,0.03174,31.47623544224111,0.03175,8.81732662,9
2025-07-26 21:45:00,0.03177,0.03183,0.03177,31.41690229343387,0.03179,11.39820586,19
2025-07-26 22:00:00,0.03185,0.03185,0.03180,31.41690229343387,0.03184,4.58750711,12
2025-07-26 22:15:00,0.03183,0.03206,0.03179,31.456432840515888,0.03197,10.81630878,67
2025-07-26 22:30:00,0.03176,0.03181,0.03175,31.496062992125985,0.03178,7.59353960,18
2025-07-26 22:45:00,0.03176,0.03179,0.03176,31.456432840515888,0.03178,0.96289188,8
2025-07-26 23:00:00,0.03179,0.03182,0.03176,31.48614609571789,0.03180,5.81215022,15
2025-07-26 23:15:00,0.03176,0.03177,0.03174,31.496062992125985,0.03174,11.38959899,17
2025-07-26 23:30:00,0.03174,0.03176,0.03171,31.51591553734636,0.03173,2.00119481,8
2025-07-26 23:45:00,0.03175,0.03175,0.03172,31.5059861373661,0.03173,0.08256901,5
2025-07-27 00:00:00,0.03173,0.03173,0.03169,31.555695803092455,0.03170,77.88165398,63
2025-07-27 00:15:00,0.03172,0.03173,0.03172,31.51591553734636,0.03172,0.07427488,2
2025-07-27 00:30:00,0.03173,0.03181,0.03173,31.46633102580239,0.03179,1.20273877,15
2025-07-27 00:45:00,0.03175,0.03183,0.03175,31.426775612822123,0.03182,0.30518815,6
2025-07-27 01:00:00,0.03184,0.03189,0.03182,31.357792411414234,0.03185,0.07847424,5
2025-07-27 01:15:00,0.03189,0.03191,0.03187,31.377470975839344,0.03189,3.36946829,21
2025-07-27 01:30:00,0.03187,0.03187,0.03186,31.377470975839344,0.03186,3.03850130,10
2025-07-27 01:45:00,0.03185,0.03186,0.03182,31.426775612822123,0.03183,0.08876981,7
2025-07-27 02:00:00,0.03183,0.03187,0.03183,31.377470975839344,0.03183,0.03386468,3
2025-07-27 02:15:00,0.03189,0.03189,0.03186,31.387319522912744,0.03186,3.11763137,6
2025-07-27 02:30:00,0.03186,0.03188,0.03186,31.36762860727729,0.03186,0.04279599,5
2025-07-27 02:45:00,0.03188,0.03198,0.03188,31.289111389236542,0.03193,5.81397033,22
2025-07-27 03:00:00,0.03197,0.03199,0.03197,31.279324366593684,0.03197,1.75644215,7
2025-07-27 03:15:00,0.03198,0.03199,0.03196,31.289111389236542,0.03198,1.94916736,8
2025-07-27 03:30:00,0.03195,0.03195,0.03192,31.318509238960225,0.03193,0.86742687,7
2025-07-27 03:45:00,0.03198,0.03198,0.03194,31.30870381966186,0.03196,0.09710114,2
2025-07-27 04:00:00,0.03196,0.03196,0.03196,31.289111389236542,0.03196,1.58811080,7
2025-07-27 04:15:00,0.03193,0.03194,0.03193,31.30870381966186,0.03193,0.48915061,4
2025-07-27 04:30:00,0.03194,0.03202,0.03194,31.230480949406623,0.03199,0.19166103,6
2025-07-27 04:45:00,0.03201,0.03210,0.03201,31.201248049921993,0.03208,3.38198276,23
2025-07-27 05:00:00,0.03205,0.03205,0.03203,31.210986267166042,0.03203,9.71129373,19
2025-07-27 05:15:00,0.03207,0.03218,0.03207,31.113876789047914,0.03213,5.77872791,42
2025-07-27 05:30:00,0.03214,0.03215,0.03205,31.201248049921993,0.03208,24.45626777,43
2025-07-27 05:45:00,0.03203,0.03205,0.03201,31.201248049921993,0.03202,1.50079124,8
2025-07-27 06:00:00,0.03204,0.03204,0.03195,31.29890453834116,0.03200,4.84624190,17
2025-07-27 06:15:00,0.03196,0.03197,0.03193,31.318509238960225,0.03195,3.79682191,13
2025-07-27 06:30:00,0.03193,0.03194,0.03190,31.338138514572233,0.03192,6.29725643,17
2025-07-27 06:45:00,0.03192,0.03192,0.03188,31.36762860727729,0.03190,1.72525965,11
2025-07-27 07:00:00,0.03187,0.03198,0.03187,31.269543464665414,0.03194,22.27018560,32
2025-07-27 07:15:00,0.03197,0.03199,0.03197,31.279324366593684,0.03197,2.75829624,10
2025-07-27 07:30:00,0.03198,0.03198,0.03194,31.29890453834116,0.03196,46.67015923,85
2025-07-27 07:45:00,0.03196,0.03196,0.03192,31.328320802005017,0.03192,0.05338305,2
2025-07-27 08:00:00,0.03191,0.03194,0.03190,31.318509238960225,0.03192,1.94063596,14
2025-07-27 08:15:00,0.03195,0.03198,0.03192,31.328320802005017,0.03196,6.78786173,15
2025-07-27 08:30:00,0.03193,0.03195,0.03193,31.29890453834116,0.03193,5.93400393,11
2025-07-27 08:45:00,0.03195,0.03199,0.03195,31.279324366593684,0.03198,13.46805828,14
2025-07-27 09:00:00,0.03196,0.03199,0.03195,31.289111389236542,0.03198,31.69629737,18
2025-07-27 09:15:00,0.03196,0.03196,0.03195,31.29890453834116,0.03195,0.28620877,5
2025-07-27 09:30:00,0.03195,0.03196,0.03195,31.289111389236542,0.03195,7.16722968,10
2025-07-27 09:45:00,0.03195,0.03195,0.03186,31.328320802005017,0.03192,5.38321565,20
2025-07-27 10:00:00,0.03192,0.03197,0.03192,31.279324366593684,0.03193,0.13154103,6
2025-07-27 10:15:00,0.03198,0.03206,0.03198,31.210986267166042,0.03205,4.94149652,22
2025-07-27 10:30:00,0.03204,0.03230,0.03203,30.959752321981423,0.03223,33.42522664,74
2025-07-27 10:45:00,0.03230,0.03245,0.03228,30.950170225936244,0.03235,46.94231392,93
2025-07-27 11:00:00,0.03230,0.03234,0.03226,30.93102381688834,0.03228,23.17266035,59
2025-07-27 11:15:00,0.03233,0.03243,0.03233,30.902348578491967,0.03239,2.31303767,20
2025-07-27 11:30:00,0.03235,0.03241,0.03227,30.96934035305048,0.03233,28.34081462,52
2025-07-27 11:45:00,0.03228,0.03230,0.03224,30.978934324659228,0.03227,0.56532670,17
2025-07-27 12:00:00,0.03233,0.03246,0.03231,30.80714725816389,0.03239,47.89993840,53
2025-07-27 12:15:00,0.03246,0.03246,0.03237,30.892801977139325,0.03243,26.94212516,37
2025-07-27 12:30:00,0.03234,0.03235,0.03229,30.93102381688834,0.03229,3.97701935,37
2025-07-27 12:45:00,0.03234,0.03244,0.03234,30.8546744831842,0.03240,1.80773534,14
2025-07-27 13:00:00,0.03240,0.03240,0.03233,30.93102381688834,0.03236,21.14454147,29
2025-07-27 13:15:00,0.03231,0.03232,0.03231,30.94059405940594,0.03231,1.57751178,7
2025-07-27 13:30:00,0.03231,0.03231,0.03226,30.959752321981423,0.03229,18.21955484,33
2025-07-27 13:45:00,0.03229,0.03230,0.03225,31.007751937984494,0.03228,2.88079694,10
2025-07-27 14:00:00,0.03227,0.03229,0.03218,31.07520198881293,0.03225,2.49274914,21
2025-07-27 14:15:00,0.03224,0.03227,0.03221,31.04625892579944,0.03224,0.27135141,8
